iter	RMSE
0	13.33573412
1	12.91520167
2	12.63547773
