iter	RMSE
0	13.72198784
1	13.33274042
2	13.06702904
